Cluster,Keyword
Core Healthcare Marketing Strategies,healthcare marketing
Core Healthcare Marketing Strategies,health care marketing
Core Healthcare Marketing Strategies,healthcare marketing strategy
Core Healthcare Marketing Strategies,healthcare marketing techniques
Core Healthcare Marketing Strategies,marketing strategies in healthcare industry
Core Healthcare Marketing Strategies,healthcare marketing tactics
Core Healthcare Marketing Strategies,health care marketing strategies
Core Healthcare Marketing Strategies,healthcare marketing ideas
Core Healthcare Marketing Strategies,healthcare marketing plan
Core Healthcare Marketing Strategies,marketing in healthcare industry
Core Healthcare Marketing Strategies,medical marketing strategies
Core Healthcare Marketing Strategies,healthcare marketing plan example
Core Healthcare Marketing Strategies,health care marketing plan
Core Healthcare Marketing Strategies,marketing health services
Core Healthcare Marketing Strategies,marketing plan for healthcare organizations
Core Healthcare Marketing Strategies,marketing strategies for healthcare organizations
Core Healthcare Marketing Strategies,Innovative healthcare marketing ideas
Core Healthcare Marketing Strategies,Healthcare marketing best practices
Core Healthcare Marketing Strategies,Healthcare marketing solutions
Core Healthcare Marketing Strategies,Healthcare promotional strategies
Digital and Online Marketing,healthcare digital marketing trends
Digital and Online Marketing,Online healthcare marketing
Digital and Online Marketing,Healthcare marketing on social media
Digital and Online Marketing,Digital marketing for healthcare providers
Digital and Online Marketing,Healthcare marketing automation
Digital and Online Marketing,Healthcare digital advertising
Digital and Online Marketing,Health SEO
Digital and Online Marketing,Healthcare social media
Digital and Online Marketing,Healthcare email marketing
Healthcare Advertising and Promotions,health ads
Healthcare Advertising and Promotions,healthcare ads
Healthcare Advertising and Promotions,health care advertisement
Healthcare Advertising and Promotions,healthcare marketing campaigns
Healthcare Advertising and Promotions,best healthcare marketing campaigns
Healthcare Advertising and Promotions,healthcare advertising campaigns
Healthcare Advertising and Promotions,healthcare ad campaigns
Healthcare Advertising and Promotions,healthcare campaigns
Healthcare Advertising and Promotions,best healthcare advertising campaigns
Healthcare Advertising and Promotions,successful healthcare marketing campaigns
Healthcare Advertising and Promotions,advertising in healthcare industry
Healthcare Advertising and Promotions,best healthcare ads
Healthcare Advertising and Promotions,best healthcare advertising
Healthcare Advertising and Promotions,clinic promotion
Healthcare Advertising and Promotions,health care ad
Healthcare Advertising and Promotions,healthcare advertising examples
Healthcare Advertising and Promotions,healthcare advertising trends
Healthcare Advertising and Promotions,health advertisement examples
Healthcare Advertising and Promotions,Medical promotion
Healthcare Advertising and Promotions,Healthcare commercials
Healthcare Advertising and Promotions,Healthcare PPC advertising
Healthcare Advertising and Promotions,Healthcare promotion
Healthcare Advertising and Promotions,Health advertising
Healthcare Advertising and Promotions,Health promotions
Healthcare Advertising and Promotions,Medical advertising
Healthcare Advertising and Promotions,Medical ads
Healthcare Advertising and Promotions,Healthcare advertising agencies
Healthcare Advertising and Promotions,Health promotion
Healthcare Advertising and Promotions,Health campaigns
Healthcare Advertising and Promotions,Medical marketing campaigns
Healthcare Branding and Identity,healthcare branding
Healthcare Branding and Identity,best healthcare branding
Healthcare Branding and Identity,Health branding
Healthcare Branding and Identity,Healthcare branding strategies
Healthcare Branding and Identity,Health identity
Healthcare Branding and Identity,Medical branding
Healthcare Branding and Identity,Healthcare branding agencies
Healthcare Branding and Identity,Healthcare image
Healthcare Communications and PR,healthcare communications agency
Healthcare Communications and PR,medical communications companies
Healthcare Communications and PR,healthcare comms agency
Healthcare Communications and PR,healthcare communications companies
Healthcare Communications and PR,healthcare pr company
Healthcare Communications and PR,healthcare public relations agency
Healthcare Communications and PR,healthcare pr firm
Healthcare Communications and PR,medical pr agency
Healthcare Communications and PR,health communication agency
Healthcare Communications and PR,health communication campaign examples
Healthcare Communications and PR,top medical communications companies
Healthcare Communications and PR,Healthcare communications trends
Healthcare Communications and PR,Healthcare PR campaigns
Healthcare Communications and PR,Healthcare crisis communications
Healthcare Communications and PR,Healthcare messaging
Healthcare Communications and PR,Healthcare communications agencies
Healthcare Communications and PR,Health PR
Healthcare Communications and PR,Medical communications
Healthcare Content Marketing,healthcare content marketing
Healthcare Content Marketing,health campaign examples
Healthcare Content Marketing,healthcare marketing examples
Healthcare Content Marketing,content marketing for health clinics
Healthcare Content Marketing,health content
Healthcare Content Marketing,healthcare marketing articles
Healthcare Content Marketing,medical content marketing
Healthcare Content Marketing,healthcare content strategy
Healthcare Content Marketing,healthcare content
Healthcare Content Marketing,healthcare content creation
Healthcare Content Marketing,healthcare content marketing examples
Healthcare Content Marketing,Healthcare content marketing tips
Healthcare Content Marketing,Healthcare content marketing agencies
Healthcare Content Marketing,Health content creation
Healthcare Content Marketing,Content marketing for healthcare providers
Healthcare Content Marketing,Medical storytelling
Healthcare Content Marketing,Healthcare content marketing examples
Healthcare Content Marketing,Health media
Patient Acquisition and Growth,patient acquisition
Patient Acquisition and Growth,patient acquisition strategy
Patient Acquisition and Growth,patient marketing strategy
Patient Acquisition and Growth,Patient recruitment
Patient Acquisition and Growth,Patient acquisition marketing
Patient Acquisition and Growth,Patient growth
Patient Engagement and Retention,patient engagement strategies
Patient Engagement and Retention,patient engagement marketing
Patient Engagement and Retention,patient engagement
Patient Engagement and Retention,patient engagement in healthcare
Patient Engagement and Retention,digital patient engagement
Patient Engagement and Retention,ai patient engagement
Patient Engagement and Retention,patient engage
Patient Engagement and Retention,patient engagement advisors
Patient Engagement and Retention,patient engagement companies
Patient Engagement and Retention,patient engagment
Patient Engagement and Retention,patient engagement definition
Patient Engagement and Retention,improve patient engagement
Patient Engagement and Retention,patient engagement programs
Patient Engagement and Retention,patient engagement services
Patient Engagement and Retention,benefits of patient engagement in healthcare
Patient Engagement and Retention,healthcare patient engagement
Patient Engagement and Retention,how to improve patient engagement in healthcare
Patient Engagement and Retention,how to increase patient engagement
Patient Engagement and Retention,importance of patient engagement in healthcare
Patient Engagement and Retention,improving patient engagement
Patient Engagement and Retention,increasing patient engagement
Patient Engagement and Retention,ai for patient engagement
Patient Engagement and Retention,digital health patient engagement
Patient Engagement and Retention,patient engagement healthcare
Patient Engagement and Retention,patient engagement framework
Patient Engagement and Retention,patient engagement examples
Patient Engagement and Retention,measuring patient engagement
Patient Engagement and Retention,increase patient engagement
Patient Engagement and Retention,how to measure patient engagement
Patient Engagement and Retention,Patient engagement metrics
Patient Engagement and Retention,Patient engagement best practices
Patient Engagement and Retention,Patient loyalty
Patient Engagement and Retention,Patient engagement tools
Patient Engagement and Retention,Patient engagement technology
Patient Engagement and Retention,Patient engagement platforms
Patient Engagement and Retention,Patient interaction
Patient Engagement and Retention,Patient connection
Patient Engagement and Retention,Patient retention
Patient Engagement and Retention,Patient engagement solutions
Patient Engagement and Retention,Patient experience
Patient Engagement and Retention,Patient retention strategies
Patient Engagement and Retention,Healthcare engagement
Professional Services and Analytics,healthcare marketing consultants
Professional Services and Analytics,medical marketing consultants
Professional Services and Analytics,physician marketing services
Professional Services and Analytics,healthcare marketing data
Professional Services and Analytics,market analysis consultant for healthcare
Professional Services and Analytics,medical practice marketing consultants
Professional Services and Analytics,health care marketing consulting
Professional Services and Analytics,health tech marketing agency
Professional Services and Analytics,healthcare marketing statistics
Professional Services and Analytics,Healthcare marketing case studies
Professional Services and Analytics,Healthcare marketing ROI
Professional Services and Analytics,Healthcare marketing analytics
Professional Services and Analytics,Healthcare marketing insights
Specialized Healthcare Marketing,marketing trends in healthcare
Specialized Healthcare Marketing,hospital marketing
Specialized Healthcare Marketing,hospital marketing strategies
Specialized Healthcare Marketing,clinic marketing
Specialized Healthcare Marketing,healthcare services marketing
Specialized Healthcare Marketing,marketing to medical professionals
Specialized Healthcare Marketing,healthcare practice marketing
Specialized Healthcare Marketing,hospital marketing ideas
Specialized Healthcare Marketing,marketing to healthcare professionals
Specialized Healthcare Marketing,future of healthcare marketing
Specialized Healthcare Marketing,healthcare technology marketing
Specialized Healthcare Marketing,healthtech marketing solutions
Specialized Healthcare Marketing,Healthcare marketing trends 2025
Specialized Healthcare Marketing,Medtech marketing
Specialized Healthcare Marketing,Healthcare influencer marketing
Specialized Healthcare Marketing,Telehealth marketing
Value and Impact of Healthcare Marketing,why is healthcare marketing important
Value and Impact of Healthcare Marketing,benefits of healthcare marketing
Value and Impact of Healthcare Marketing,creative medical marketing ideas
Value and Impact of Healthcare Marketing,health and marketing
Value and Impact of Healthcare Marketing,medical marketing ideas
Value and Impact of Healthcare Marketing,marketing of health care services
Value and Impact of Healthcare Marketing,Healthcare outreach
Value and Impact of Healthcare Marketing,Healthcare advertising regulations
Value and Impact of Healthcare Marketing,Medical outreach
